product_id,category_code,brand,price,category_id,count_session
1005174,appliances.kitchen.refrigerators,samsung,643.23,2053013563835941749,483707
16000004,accessories.bag,rondell,43.73,2053013556856619499,312767
1004856,construction.tools.light,samsung,128.42,2232732093077520756,281182
1005100,construction.tools.light,samsung,140.28,2232732093077520756,221321
1005186,appliances.kitchen.refrigerators,samsung,720.46,2053013563835941749,210445
100116550,construction.tools.light,samsung,1415.45,2232732093077520756,203239
1005177,construction.tools.light,samsung,849.16,2232732093077520756,202531
1004767,construction.tools.light,samsung,226.18,2232732093077520756,196259
5301764,,rowenta,692.4,2232732089269092627,175168
1005100,construction.tools.light,samsung,143.89,2232732093077520756,171907
1004838,construction.tools.light,oppo,154.42,2232732093077520756,165805
15100350,apparel.shorts,,334.37,2232732107413652135,153488
1005174,electronics.smartphone,samsung,643.23,2053013555631882655,148673
12703015,,cordiant,42.99,2053013553559896355,148042
26400756,computers.peripherals.printer,,325.36,2053013553056579841,146556
1004767,construction.tools.light,samsung,230.12,2232732093077520756,137581
15100337,apparel.shorts,,282.89,2232732107413652135,135010
3700926,appliances.environment.vacuum,samsung,69.47,2232732101063475749,128209
1005115,electronics.smartphone,apple,914.0,2053013555631882655,127628
1003712,construction.tools.light,samsung,477.49,2232732093077520756,127260
1005115,electronics.smartphone,apple,916.37,2053013555631882655,122571
1004856,construction.tools.light,samsung,129.99,2232732093077520756,114806
1004750,construction.tools.light,samsung,198.2,2232732093077520756,111824
26400194,computers.peripherals.printer,,253.55,2053013553056579841,106889
4100346,apparel.shoes,sony,331.51,2232732098228126185,104048
1005186,electronics.smartphone,samsung,771.94,2053013555631882655,101776
1005100,construction.tools.light,samsung,141.06,2232732093077520756,101495
1004767,construction.tools.light,samsung,241.84,2232732093077520756,99952
1005238,construction.tools.light,oppo,308.86,2232732093077520756,98732
1005160,construction.tools.light,xiaomi,181.99,2232732093077520756,98622
1004767,electronics.smartphone,samsung,243.49,2053013555631882655,95548
1004838,electronics.smartphone,oppo,154.42,2053013555631882655,95187
1002544,construction.tools.light,apple,397.1,2232732093077520756,95069
1004903,construction.tools.light,huawei,76.94,2232732093077520756,93902
5100719,electronics.clocks,samsung,154.16,2232732103101907535,92702
4804056,sport.bicycle,apple,159.07,2232732079706079299,92197
1004777,electronics.smartphone,xiaomi,135.01,2053013555631882655,91932
10200950,appliances.kitchen.grill,simba,45.79,2232732104653800053,91280
12703494,,cordiant,41.19,2053013553559896355,91139
10300499,apparel.scarf,silverlit,9.02,2232732104888681081,90662
1004856,electronics.smartphone,samsung,126.0,2053013555631882655,90518
1004856,electronics.smartphone,samsung,128.42,2053013555631882655,89975
1005115,construction.tools.light,apple,805.39,2232732093077520756,89892
56700004,apparel.shoes,intex,28.06,2053013553887052089,89306
28719262,apparel.underwear,rieker,97.04,2232732116137804674,88146
100116581,construction.tools.light,samsung,1415.45,2232732093077520756,86946
1005115,construction.tools.light,apple,870.04,2232732093077520756,86814
1005115,electronics.smartphone,apple,975.56,2053013555631882655,85210
15100367,apparel.shorts,,499.11,2232732107413652135,85178
12709380,,viatti,38.1,2053013553559896355,85160
1004856,electronics.smartphone,samsung,130.99,2053013555631882655,85016
100119386,construction.tools.light,samsung,1415.45,2232732093077520756,83933
26400756,computers.peripherals.printer,,335.4,2053013553056579841,83862
1005212,construction.tools.light,samsung,168.32,2232732093077520756,83785
1004741,electronics.smartphone,xiaomi,190.22,2053013555631882655,83675
100045333,electronics.smartphone,samsung,282.86,2053013555631882655,82420
15700176,,bts,257.15,2232732094134485388,82211
3600661,appliances.kitchen.washer,samsung,308.86,2232732092297380188,81546
4803977,sport.bicycle,samsung,102.68,2232732079706079299,81469
4804056,electronics.audio.headphone,apple,159.33,2053013554658804075,80460
1004785,construction.tools.light,huawei,231.38,2232732093077520756,79614
1801940,appliances.personal.massager,haier,218.77,2232732099754852875,79473
1005098,construction.tools.light,samsung,143.89,2232732093077520756,78823
1004856,construction.tools.light,samsung,126.12,2232732093077520756,77873
1005003,construction.tools.light,huawei,179.93,2232732093077520756,77438
1005238,electronics.smartphone,oppo,308.63,2053013555631882655,77009
26400293,computers.peripherals.printer,lucente,236.3,2053013553056579841,76982
1004870,construction.tools.light,samsung,269.25,2232732093077520756,76429
26800074,,,704.27,2232732066611463064,76397
1004856,electronics.smartphone,samsung,131.53,2053013555631882655,76154
100154083,,thermomix,1737.5,2232732102539870787,76134
6000094,apparel.shoes,starline,127.42,2232732103546503769,75330
5100718,electronics.clocks,samsung,154.16,2232732103101907535,75253
100023514,electronics.audio.headphone,acer,900.67,2053013554658804075,74830
15100297,apparel.shorts,,275.17,2232732107413652135,73964
5100562,electronics.clocks,apple,295.73,2232732103101907535,73020
1004750,construction.tools.light,samsung,203.35,2232732093077520756,72899
100011148,computers.components.videocards,columbia,73.34,2053013554247762257,72488
1005235,construction.tools.light,oppo,437.31,2232732093077520756,72221
1005284,construction.tools.light,samsung,2548.07,2232732093077520756,72076
12800075,,kingston,765.76,2232732106792895129,71825
1307188,electronics.audio.headphone,hp,233.98,2053013554658804075,71719
100045382,construction.tools.light,samsung,334.35,2232732093077520756,71537
1004836,construction.tools.light,samsung,231.38,2232732093077520756,70501
1004903,construction.tools.light,huawei,76.91,2232732093077520756,70307
1004249,construction.tools.light,apple,694.74,2232732093077520756,70272
38900019,apparel.shoes.moccasins,,100.39,2053013558987326060,70243
17200651,furniture.living_room.sofa,,463.07,2232732090980368698,69899
1004856,electronics.smartphone,samsung,131.64,2053013555631882655,69641
12703498,,cordiant,40.93,2053013553559896355,69332
1005115,electronics.smartphone,apple,1003.85,2053013555631882655,69167
1005182,appliances.kitchen.refrigerators,samsung,977.86,2053013563835941749,68786
1005100,construction.tools.light,samsung,146.31,2232732093077520756,66644
1004741,electronics.smartphone,xiaomi,189.97,2053013555631882655,66283
4700630,accessories.wallet,,30.86,2232732097397653970,65955
1002633,electronics.smartphone,apple,358.57,2053013555631882655,65935
1004226,construction.tools.light,apple,720.48,2232732093077520756,65793
1004767,construction.tools.light,samsung,240.86,2232732093077520756,65342
3601405,appliances.kitchen.washer,beko,180.16,2232732092297380188,65212
100116557,construction.tools.light,samsung,1029.34,2232732093077520756,65174
1004767,construction.tools.light,samsung,240.88,2232732093077520756,64801
26800026,,hygge,687.28,2232732066611463064,64731
15901905,construction.tools.generator,dauscher,11.02,2053013566142809077,64592
1307589,electronics.audio.headphone,acer,231.64,2053013554658804075,63972
1801766,appliances.personal.massager,artel,155.71,2232732099754852875,63819
100060825,apparel.trousers,glo,36.04,2232732135054115162,63637
26300078,appliances.kitchen.coffee_grinder,lucente,340.29,2053013554725912943,63562
1005069,construction.tools.light,vivo,283.12,2232732093077520756,63559
12703015,,cordiant,42.99,2053013553199186187,63516
4803976,sport.bicycle,samsung,102.68,2232732079706079299,63416
100055862,sport.bicycle,wiwu,64.35,2232732079706079299,63395
1004767,construction.tools.light,samsung,241.83,2232732093077520756,63019
1002098,construction.tools.light,samsung,259.96,2232732093077520756,62893
1005105,electronics.smartphone,apple,1415.48,2053013555631882655,62534
4804409,sport.bicycle,elari,66.9,2232732079706079299,62348
1005160,construction.tools.light,xiaomi,167.57,2232732093077520756,61992
6000094,auto.accessories.alarm,starline,121.24,2053013560807654091,61840
4803977,sport.bicycle,samsung,102.65,2232732079706079299,61781
1004741,construction.tools.light,xiaomi,197.89,2232732093077520756,61747
1005205,construction.tools.light,oppo,231.64,2232732093077520756,61373
1005217,construction.tools.light,xiaomi,142.08,2232732093077520756,61110
3701134,appliances.environment.vacuum,bosch,105.51,2232732101063475749,61099
1307187,electronics.audio.headphone,acer,849.42,2053013554658804075,60991
10300499,apparel.scarf,silverlit,7.18,2232732104888681081,60872
22700129,,stels,62.96,2232732091643068746,60751
26400266,computers.peripherals.printer,lucente,115.83,2053013553056579841,60679
1801690,appliances.personal.massager,samsung,385.85,2232732099754852875,60355
26300188,appliances.kitchen.coffee_grinder,lucente,741.85,2053013554725912943,60142
1307545,electronics.audio.headphone,lenovo,231.64,2053013554658804075,60014
1005105,electronics.smartphone,apple,1364.0,2053013555631882655,59920
1004833,electronics.smartphone,samsung,168.7,2053013555631882655,59817
1005003,construction.tools.light,huawei,205.64,2232732093077520756,59623
1004856,construction.tools.light,samsung,131.28,2232732093077520756,59430
3600661,appliances.kitchen.washer,samsung,308.86,2053013563810775923,59088
1004767,electronics.smartphone,samsung,243.51,2053013555631882655,59084
4804572,electronics.audio.headphone,apple,208.5,2053013554658804075,59027
5300763,,vitek,15.42,2232732089269092627,58971
3600661,appliances.kitchen.washer,samsung,306.06,2232732092297380188,58916
1005115,construction.tools.light,apple,806.61,2232732093077520756,58437
1005284,construction.tools.light,samsung,2187.68,2232732093077520756,58414
3601405,appliances.kitchen.washer,beko,180.16,2053013563810775923,58363
1004249,electronics.smartphone,apple,739.04,2053013555631882655,58308
1005191,construction.tools.light,vivo,180.16,2232732093077520756,58121
1004226,construction.tools.light,apple,734.9,2232732093077520756,57525
1002544,electronics.smartphone,apple,458.1,2053013555631882655,57524
1003712,construction.tools.light,samsung,512.24,2232732093077520756,57475
10301494,,welly,5.77,2053013553115300101,57302
1005212,construction.tools.light,samsung,168.06,2232732093077520756,57026
1004856,construction.tools.light,samsung,128.32,2232732093077520756,56806
100008550,appliances.kitchen.refrigerators,pulser,476.18,2053013563835941749,56771
1005160,construction.tools.light,xiaomi,168.6,2232732093077520756,56556
4804056,electronics.audio.headphone,apple,169.35,2053013554658804075,56506
5100767,apparel.shoes,samsung,25.46,2232732103831716449,56345
1004767,electronics.smartphone,samsung,246.96,2053013555631882655,56150
12201721,appliances.kitchen.toster,torrent,180.16,2053013553325015316,55903
15100370,apparel.shorts,,282.89,2232732107413652135,55899
26400299,computers.peripherals.printer,lucente,165.51,2053013553056579841,55715
1005100,construction.tools.light,samsung,145.15,2232732093077520756,55709
10201063,appliances.kitchen.grill,,109.42,2232732104653800053,55622
100022253,electronics.audio.headphone,asus,257.15,2053013554658804075,55469
1005100,construction.tools.light,samsung,141.3,2232732093077520756,55357
1005105,construction.tools.light,apple,1235.3,2232732093077520756,54956
3600666,appliances.kitchen.washer,samsung,321.73,2053013563810775923,54531
1004767,construction.tools.light,samsung,226.38,2232732093077520756,54374
2500566,appliances.kitchen.oven,asel,80.27,2232732092565815652,54250
1002633,electronics.smartphone,apple,378.39,2053013555631882655,54223
1004870,electronics.smartphone,samsung,278.69,2053013555631882655,54117
14701532,electronics.video.projector,,154.42,2053013552570040549,54015
16400025,,tefal,97.79,2053013551957672134,53901
1003879,construction.tools.light,huawei,457.9,2232732093077520756,53836
15100106,apparel.shorts,imperial,669.23,2232732107413652135,53557
100154210,construction.tools.light,huawei,1286.75,2232732093077520756,53274
100120437,electronics.audio.headphone,asus,231.59,2053013554658804075,53168
1005019,construction.tools.light,nokia,92.38,2232732093077520756,53125
1005160,electronics.smartphone,xiaomi,202.98,2053013555631882655,53105
5100601,electronics.clocks,jet,33.44,2232732103101907535,52819
100170834,electronics.audio.headphone,hp,257.38,2053013554658804075,52742
16500007,apparel.costume,omron,62.52,2232732108713886406,52612
1801690,electronics.video.tv,samsung,369.37,2053013554415534427,52563
1004227,construction.tools.light,apple,759.35,2232732093077520756,52480
26300076,appliances.kitchen.coffee_grinder,lucente,224.46,2053013554725912943,52374
1003712,construction.tools.light,samsung,503.23,2232732093077520756,52302
1005212,construction.tools.light,samsung,166.53,2232732093077520756,52091
15100009,apparel.shorts,,334.37,2232732107413652135,51736
1801690,appliances.personal.massager,samsung,378.16,2232732099754852875,51682
12701967,,cordiant,31.4,2053013553199186187,51597
1005100,construction.tools.light,samsung,137.71,2232732093077520756,51595
1002524,construction.tools.light,apple,535.41,2232732093077520756,51577
15100367,,,499.11,2053013557024391671,51450
1004226,construction.tools.light,apple,743.91,2232732093077520756,51358
1003879,construction.tools.light,huawei,476.18,2232732093077520756,51128
1005160,construction.tools.light,xiaomi,164.98,2232732093077520756,50854
26300086,appliances.kitchen.coffee_grinder,lucente,237.84,2053013554725912943,50822
22700129,,force,64.35,2232732091643068746,50733
1005100,construction.tools.light,samsung,145.88,2232732093077520756,50634
21401211,electronics.clocks,casio,84.69,2232732082063278200,50317
16600162,sport.trainer,,173.75,2232732108780995272,49934
5701128,auto.accessories.player,,51.48,2053013553970938175,49933
1004226,construction.tools.light,apple,769.39,2232732093077520756,49845
4804660,sport.bicycle,xiaomi,25.71,2232732079706079299,49603
1005238,construction.tools.light,oppo,308.63,2232732093077520756,49457
1004856,electronics.smartphone,samsung,131.66,2053013555631882655,49332
4100306,apparel.shoes,sony,77.22,2232732098228126185,49310
1004836,construction.tools.light,samsung,257.12,2232732093077520756,49167
100055405,electronics.audio.headphone,asus,514.79,2053013554658804075,48879
1005212,construction.tools.light,samsung,164.08,2232732093077520756,48842
1005160,construction.tools.light,xiaomi,182.22,2232732093077520756,48771
3700621,appliances.environment.vacuum,vitek,120.96,2232732101063475749,48759
1005003,construction.tools.light,huawei,205.9,2232732093077520756,48751
3100640,appliances.kitchen.blender,redmond,51.46,2232732091391410500,48625
1004903,construction.tools.light,huawei,89.81,2232732093077520756,48581
1005100,construction.tools.light,samsung,146.34,2232732093077520756,48517
1307073,electronics.audio.headphone,acer,715.33,2053013554658804075,48353
26400194,,,250.46,2053013563651392361,48283
1005100,construction.tools.light,samsung,149.04,2232732093077520756,48077
4804056,electronics.audio.headphone,apple,160.36,2053013554658804075,47963
22700725,,ombra,342.09,2232732091643068746,47867
4802036,electronics.audio.headphone,apple,64.33,2053013554658804075,47655
3701244,appliances.environment.vacuum,elenberg,33.44,2053013565983425517,47525
1004659,electronics.smartphone,samsung,715.33,2053013555631882655,47464
100045396,electronics.smartphone,samsung,385.83,2053013555631882655,47192
12707153,,,32.69,2053013553559896355,47136
1004767,construction.tools.light,samsung,242.12,2232732093077520756,47116
1005205,electronics.smartphone,oppo,231.41,2053013555631882655,47115
1004857,construction.tools.light,samsung,128.32,2232732093077520756,47068
1004767,construction.tools.light,samsung,227.44,2232732093077520756,47043
1005116,construction.tools.light,apple,939.28,2232732093077520756,46899
1002544,construction.tools.light,apple,411.59,2232732093077520756,46832
1004856,electronics.smartphone,samsung,131.02,2053013555631882655,46717
1005221,construction.tools.light,xiaomi,280.29,2232732093077520756,46700
3600666,appliances.kitchen.washer,samsung,321.73,2232732092297380188,46677
1004903,construction.tools.light,huawei,91.38,2232732093077520756,46504
12701980,,cordiant,34.75,2053013553199186187,46472
12702930,,cordiant,35.78,2053013553559896355,46471
100011670,sport.trainer,,316.58,2232732095392776612,46414
1005100,construction.tools.light,samsung,137.96,2232732093077520756,46400
17200559,furniture.living_room.sofa,,591.78,2053013559792632471,46340
7600562,furniture.kitchen.table,beeline,34.72,2232732103982711397,46314
100020960,appliances.sewing_machine,chayka,92.64,2232732102950912587,46005
1003712,construction.tools.light,samsung,508.38,2232732093077520756,45899
1004856,construction.tools.light,samsung,131.84,2232732093077520756,45835
2501614,appliances.kitchen.oven,redmond,154.42,2232732092565815652,45755
3601405,appliances.kitchen.washer,beko,195.6,2232732092297380188,45706
1004767,construction.tools.light,samsung,250.97,2232732093077520756,45668
1005253,construction.tools.light,xiaomi,265.1,2232732093077520756,45610
4804660,sport.bicycle,xiaomi,24.45,2232732079706079299,45568
100011103,electronics.audio.headphone,acer,385.57,2053013554658804075,45478
1004750,construction.tools.light,samsung,192.76,2232732093077520756,45404
1002544,construction.tools.light,apple,426.01,2232732093077520756,45351
6000227,apparel.shoes,starline,165.51,2232732103546503769,45334
1005205,construction.tools.light,oppo,231.41,2232732093077520756,45265
100045315,electronics.smartphone,samsung,282.86,2053013555631882655,45226
1003712,construction.tools.light,samsung,500.66,2232732093077520756,45220
100068602,construction.tools.light,vivo,334.6,2232732093077520756,45152
1004984,construction.tools.light,samsung,771.94,2232732093077520756,45143
100068493,construction.tools.light,samsung,301.81,2232732093077520756,44819
2900958,furniture.bedroom.blanket,arg,54.03,2232732102103663163,44792
12701961,,cordiant,28.57,2053013553199186187,44562
17200728,furniture.living_room.sofa,rals,773.19,2232732090980368698,44519
1004564,construction.tools.light,meizu,128.45,2232732093077520756,44364
1004433,electronics.smartphone,samsung,257.15,2053013555631882655,44359
26300086,appliances.kitchen.coffee_grinder,lucente,223.69,2053013554725912943,44276
4802036,electronics.audio.headphone,apple,180.13,2053013554658804075,44074
1004433,electronics.smartphone,samsung,334.37,2053013555631882655,44072
3601524,appliances.kitchen.washer,samsung,398.95,2053013563810775923,43997
1005177,electronics.smartphone,samsung,900.64,2053013555631882655,43969
5701246,electronics.video.tv,,24.43,2053013554415534427,43947
1004496,construction.tools.light,meizu,69.24,2232732093077520756,43872
1004903,construction.tools.light,huawei,115.04,2232732093077520756,43830
1005115,construction.tools.light,apple,870.27,2232732093077520756,43812
12300396,appliances.kitchen.hood,,51.46,2053013563743667055,43707
51200064,apparel.costume,norfin,261.78,2053013553425678619,43687
1005116,electronics.smartphone,apple,979.43,2053013555631882655,43675
1307067,electronics.audio.headphone,lenovo,252.0,2053013554658804075,43569
6300680,electronics.camera.photo,redmond,28.29,2232732086928670945,43341
100018214,appliances.personal.hair_cutter,arg,16.71,2232732089587859740,43317
1004227,construction.tools.light,apple,743.39,2232732093077520756,43119
1005235,electronics.smartphone,oppo,437.57,2053013555631882655,43067
1005252,construction.tools.light,oppo,308.86,2232732093077520756,43007
1005160,construction.tools.light,xiaomi,181.46,2232732093077520756,42918
1801766,electronics.video.tv,artel,154.19,2053013554415534427,42758
1004833,construction.tools.light,samsung,179.9,2232732093077520756,42562
1005100,construction.tools.light,samsung,141.31,2232732093077520756,42410
1004756,construction.tools.light,meizu,76.96,2232732093077520756,42398
1005173,appliances.kitchen.refrigerators,samsung,643.23,2053013563835941749,42390
100011671,sport.trainer,,263.56,2232732095392776612,42291
1004873,construction.tools.light,samsung,365.88,2232732093077520756,42254
17302975,apparel.shoes.sandals,amouage,397.69,2232732098446229999,42182
3601438,appliances.kitchen.washer,beko,216.2,2232732092297380188,42174
15100103,apparel.shorts,,347.24,2232732107413652135,42082
17302041,apparel.shoes.sandals,amouage,411.59,2232732098446229999,42039
100058915,apparel.trousers,iqos,43.76,2232732135054115162,42000
1307341,computers.notebook,asus,617.75,2053013558920217191,41858
14701435,furniture.living_room.cabinet,,205.9,2053013557133443581,41690
14701260,electronics.video.projector,,174.78,2053013552570040549,41647
34800270,computers.peripherals.printer,cantra,101.67,2053013555287949705,41619
4804055,electronics.audio.headphone,apple,188.86,2053013554658804075,41539
13200019,furniture.bedroom.bed,sv,386.37,2232732061804790604,41528
1004767,construction.tools.light,samsung,226.26,2232732093077520756,41509
3700926,appliances.environment.vacuum,samsung,64.02,2053013565983425517,41497
1801995,appliances.personal.massager,haier,167.29,2232732099754852875,41487
100170834,electronics.audio.headphone,hp,257.15,2053013554658804075,41415
5801218,electronics.audio.subwoofer,,46.31,2232732082390433922,41377
100086203,construction.tools.light,samsung,103.12,2232732093077520756,41375
1005115,construction.tools.light,apple,868.23,2232732093077520756,41269
16600103,sport.trainer,rivertoys,277.74,2232732108780995272,41081
1003319,construction.tools.light,apple,900.64,2232732093077520756,41054
22700129,,stels,63.04,2232732091643068746,40982
1004965,construction.tools.light,oppo,900.9,2232732093077520756,40936
3700677,appliances.environment.vacuum,tefal,175.01,2232732101063475749,40891
1004873,construction.tools.light,samsung,328.97,2232732093077520756,40746
1005115,construction.tools.light,apple,870.03,2232732093077520756,40708
1004767,construction.tools.light,samsung,238.74,2232732093077520756,40706
100086203,construction.tools.light,samsung,105.79,2232732093077520756,40598
3100034,appliances.kitchen.blender,braun,54.03,2232732091391410500,40539
1004767,construction.tools.light,samsung,228.83,2232732093077520756,40532
1004708,construction.tools.light,huawei,128.42,2232732093077520756,40367
4804056,sport.bicycle,apple,152.83,2232732079706079299,40358
4804056,sport.bicycle,apple,150.75,2232732079706079299,40345
3100491,appliances.kitchen.blender,polaris,38.59,2232732091391410500,40308
1005105,construction.tools.light,apple,1312.52,2232732093077520756,40298
1004905,construction.tools.light,huawei,99.1,2232732093077520756,40121
1004873,construction.tools.light,samsung,321.4,2232732093077520756,40038
6000227,auto.accessories.alarm,starline,157.53,2053013560807654091,40023
1004838,construction.tools.light,oppo,149.29,2232732093077520756,40019
4803894,sport.bicycle,jbl,48.14,2232732079706079299,40004
1005115,construction.tools.light,apple,900.9,2232732093077520756,39986
3701016,appliances.environment.vacuum,tefal,123.27,2232732101063475749,39959
1004767,construction.tools.light,samsung,226.3,2232732093077520756,39925
1005021,electronics.smartphone,oppo,386.08,2053013555631882655,39706
12709558,,,30.76,2053013553559896355,39623
100095111,kids.toys,defacto,5.89,2053013553165631753,39610
1004836,construction.tools.light,samsung,203.35,2232732093077520756,39489
12703415,,cordiant,48.91,2053013553559896355,39465
1307188,computers.notebook,hp,223.92,2053013558920217191,39446
1005115,electronics.smartphone,apple,958.32,2053013555631882655,39383
1005115,electronics.smartphone,apple,958.3,2053013555631882655,39291
26300078,,lucente,316.1,2053013563584283495,39173
1005263,construction.tools.light,oppo,643.49,2232732093077520756,39152
16400237,,,172.98,2053013551957672134,38931
1801929,appliances.personal.massager,samsung,562.43,2232732099754852875,38930
1004767,construction.tools.light,samsung,243.17,2232732093077520756,38906
100060839,apparel.trousers,glo,25.74,2232732135054115162,38865
100190575,apparel.shoes,sony,400.5,2232732098228126185,38856
1005002,construction.tools.light,huawei,179.93,2232732093077520756,38855
1307136,computers.notebook,acer,514.79,2053013558920217191,38832
15100337,,,257.15,2053013557024391671,38827
26400277,computers.peripherals.printer,lucente,150.58,2053013553056579841,38706
1002995,construction.tools.light,apple,411.83,2232732093077520756,38681
26400672,computers.peripherals.printer,lucente,385.85,2053013553056579841,38579
1005069,construction.tools.light,vivo,257.38,2232732093077520756,38573
12703494,,cordiant,41.19,2053013553199186187,38515
1004781,construction.tools.light,huawei,230.38,2232732093077520756,38494
100015658,construction.tools.light,samsung,2187.68,2232732093077520756,38447
1005132,construction.tools.light,apple,1284.2,2232732093077520756,38435
1004249,construction.tools.light,apple,763.21,2232732093077520756,38368
1005253,construction.tools.light,xiaomi,280.43,2232732093077520756,38216
1005211,construction.tools.light,samsung,166.77,2232732093077520756,38211
1005159,construction.tools.light,xiaomi,181.99,2232732093077520756,38185
1005069,electronics.smartphone,vivo,308.86,2053013555631882655,38169
3801134,furniture.bathroom.bath,elenberg,16.71,2053013557477376525,38128
15100009,,,334.37,2053013557024391671,38122
5100816,,xiaomi,32.18,2053013553375346967,37988
15100008,apparel.shorts,bts,514.56,2232732107413652135,37965
1005115,construction.tools.light,apple,900.67,2232732093077520756,37874
1004767,construction.tools.light,samsung,238.87,2232732093077520756,37767
7100133,apparel.shoes,,149.27,2232732103764607583,37713
1004836,construction.tools.light,samsung,202.68,2232732093077520756,37682
26300078,appliances.kitchen.coffee_grinder,lucente,313.52,2053013554725912943,37642
1004659,construction.tools.light,samsung,663.08,2232732093077520756,37612
5100719,electronics.clocks,samsung,151.61,2053013553341792533,37514
1307545,electronics.audio.headphone,lenovo,257.38,2053013554658804075,37498
15100009,,,321.73,2053013557024391671,37432
1002544,construction.tools.light,apple,411.51,2232732093077520756,37399
5801656,electronics.audio.subwoofer,element,131.25,2232732082390433922,37392
1004873,construction.tools.light,samsung,330.64,2232732093077520756,37302
1801940,electronics.video.tv,haier,231.64,2053013554415534427,37233
15100337,apparel.shorts,,339.52,2232732107413652135,37205
1004856,electronics.smartphone,samsung,131.51,2053013555631882655,37181
1004785,construction.tools.light,huawei,230.38,2232732093077520756,37127
1005158,construction.tools.light,xiaomi,280.57,2232732093077520756,37084
1307589,electronics.audio.headphone,lenovo,257.12,2053013554658804075,37024
1801636,appliances.personal.massager,xiaomi,462.05,2232732099754852875,36995
8700331,appliances.personal.hair_cutter,philips,36.01,2232732089587859740,36911
1005217,construction.tools.light,xiaomi,148.78,2232732093077520756,36868
100104755,electronics.audio.headphone,acer,360.34,2053013554658804075,36841
1003714,construction.tools.light,samsung,477.49,2232732093077520756,36814
1005100,construction.tools.light,samsung,149.03,2232732093077520756,36763
1004436,construction.tools.light,samsung,141.55,2232732093077520756,36758
5701166,electronics.video.tv,,144.12,2053013554415534427,36751
4804718,sport.bicycle,apple,326.39,2232732079706079299,36739
100022253,electronics.audio.headphone,asus,270.02,2053013554658804075,36713
1005100,electronics.smartphone,samsung,136.76,2053013555631882655,36652
1004767,construction.tools.light,samsung,227.37,2232732093077520756,36625
5300977,,philips,154.42,2232732089269092627,36559
1307555,electronics.audio.headphone,asus,334.6,2053013554658804075,36552
16500007,,omron,62.52,2053013556462354899,36542
5000475,appliances.sewing_machine,janome,175.01,2232732102950912587,36536
1004226,construction.tools.light,apple,764.5,2232732093077520756,36501
1005253,construction.tools.light,xiaomi,278.64,2232732093077520756,36489
100068493,construction.tools.light,samsung,311.18,2232732093077520756,36384
1005115,construction.tools.light,apple,843.13,2232732093077520756,36270
5701037,electronics.video.tv,swat,100.39,2053013554415534427,36258
8801100,electronics.camera.video,nokia,102.68,2053013560530830019,36133
1005115,electronics.smartphone,apple,913.28,2053013555631882655,36070
1004839,construction.tools.light,oppo,154.42,2232732093077520756,36046
1307526,electronics.audio.headphone,asus,926.64,2053013554658804075,35944
2900958,furniture.bedroom.blanket,arg,61.75,2232732102103663163,35943
1004856,electronics.smartphone,samsung,130.48,2053013555631882655,35919
14701435,electronics.video.projector,,205.9,2053013552570040549,35910
1005073,construction.tools.light,samsung,1029.34,2232732093077520756,35858
1003317,construction.tools.light,apple,1039.92,2232732093077520756,35701
26300189,,lucente,351.1,2053013563584283495,35677
100023514,electronics.audio.headphone,acer,720.71,2053013554658804075,35635
1005115,electronics.smartphone,apple,915.69,2053013555631882655,35628
5300763,,vitek,12.84,2232732089269092627,35609
1306650,computers.notebook,acer,437.57,2053013558920217191,35605
1002629,electronics.smartphone,apple,360.11,2053013555631882655,35601
21400996,electronics.clocks,casio,82.11,2232732082063278200,35494
100068488,construction.tools.light,samsung,286.95,2232732093077520756,35477
1306256,electronics.audio.headphone,hp,334.37,2053013554658804075,35296
3600661,appliances.kitchen.washer,samsung,306.05,2053013563810775923,35241
10300401,apparel.scarf,silverlit,7.18,2232732104888681081,35118
1004209,construction.tools.light,samsung,100.13,2232732093077520756,35066
100021219,kids.toys,robocarpoli,86.98,2053013553257906447,34989
1005116,construction.tools.light,apple,939.54,2232732093077520756,34976
3601405,appliances.kitchen.washer,beko,182.73,2232732092297380188,34944
100068493,construction.tools.light,samsung,311.44,2232732093077520756,34914
1005100,electronics.smartphone,samsung,136.71,2053013555631882655,34902
6000157,apparel.shoes,starline,95.76,2232732103546503769,34890
1004227,construction.tools.light,apple,743.91,2232732093077520756,34874
1004886,construction.tools.light,oppo,128.61,2232732093077520756,34797
1004767,electronics.smartphone,samsung,246.52,2053013555631882655,34743
3700278,appliances.environment.vacuum,samsung,69.47,2232732101063475749,34697
26300076,appliances.kitchen.coffee_grinder,lucente,220.08,2053013554725912943,34674
1004249,construction.tools.light,apple,702.46,2232732093077520756,34654
1005160,construction.tools.light,xiaomi,171.84,2232732093077520756,34642
3700766,appliances.environment.vacuum,samsung,136.4,2053013565983425517,34631
1004873,electronics.smartphone,samsung,348.76,2053013555631882655,34617
1005160,construction.tools.light,xiaomi,180.07,2232732093077520756,34587
3600661,appliances.kitchen.washer,samsung,308.63,2232732092297380188,34467
1005100,construction.tools.light,samsung,151.87,2232732093077520756,34459
5100562,electronics.clocks,apple,295.99,2232732103101907535,34384
3701005,appliances.environment.vacuum,philips,308.86,2232732101063475749,34328
1004767,construction.tools.light,samsung,244.51,2232732093077520756,34283
15100362,apparel.shorts,,302.2,2232732107413652135,34267
1005100,construction.tools.light,samsung,146.01,2232732093077520756,34253
1005239,electronics.smartphone,xiaomi,268.73,2053013555631882655,34198
26300088,appliances.kitchen.coffee_grinder,lucente,188.16,2053013554725912943,34153
1002524,construction.tools.light,apple,561.15,2232732093077520756,34124
1005203,construction.tools.light,xiaomi,108.09,2232732093077520756,34059
12711053,,tunga,32.69,2053013553559896355,34031
5801655,electronics.audio.subwoofer,element,115.81,2232732082390433922,34018
1307545,electronics.audio.headphone,lenovo,262.53,2053013554658804075,33938
1801690,electronics.video.tv,samsung,381.72,2053013554415534427,33933
15700283,,,154.19,2232732094134485388,33870
13300090,,vegas,214.16,2232732092951691632,33826
1004227,construction.tools.light,apple,759.32,2232732093077520756,33769
12202301,appliances.kitchen.toster,phoenix,205.9,2053013553325015316,33745
5100610,electronics.clocks,apple,295.73,2232732103101907535,33744
3601603,appliances.kitchen.washer,lg,372.47,2232732092297380188,33717
4802036,electronics.audio.headphone,apple,180.16,2053013554658804075,33650
4804718,sport.bicycle,apple,336.92,2232732079706079299,33570
100017960,construction.tools.light,huawei,926.41,2232732093077520756,33542
4802401,sport.bicycle,samsung,46.05,2232732079706079299,33504
1005212,construction.tools.light,samsung,177.04,2232732093077520756,33501
5700518,electronics.video.tv,,131.25,2053013554415534427,33441
12202300,appliances.kitchen.toster,phoenix,231.64,2053013553325015316,33409
12702958,,cordiant,42.47,2053013553559896355,33361
1005169,construction.tools.light,samsung,180.42,2232732093077520756,33338
28600032,sport.trainer,,265.1,2232732095392776612,33258
1005253,construction.tools.light,xiaomi,268.99,2232732093077520756,33225
1801960,appliances.personal.massager,haier,334.6,2232732099754852875,33186
1004565,construction.tools.light,huawei,154.16,2232732093077520756,33134
100068488,construction.tools.light,samsung,281.58,2232732093077520756,33102
12709556,,viatti,40.16,2053013553559896355,33062
1005284,construction.tools.light,samsung,2110.48,2232732093077520756,33013
10600079,,,5.12,2232732105425552001,32978
12706655,,nokian,45.82,2053013553559896355,32974
1005179,appliances.kitchen.refrigerators,samsung,849.16,2053013563835941749,32945
13200969,furniture.bedroom.bed,bts,102.94,2232732061804790604,32908
1004905,construction.tools.light,huawei,91.38,2232732093077520756,32821
1002527,construction.tools.light,apple,554.71,2232732093077520756,32816
1005115,construction.tools.light,apple,815.95,2232732093077520756,32807
1003312,construction.tools.light,apple,643.26,2232732093077520756,32779
3700580,appliances.environment.vacuum,thomas,334.6,2232732101063475749,32704
1004849,construction.tools.light,huawei,900.41,2232732093077520756,32631
14700096,electronics.video.projector,bts,231.64,2053013552570040549,32556
100045377,electronics.smartphone,samsung,334.35,2053013555631882655,32551
1005238,construction.tools.light,oppo,257.38,2232732093077520756,32494
1005284,electronics.smartphone,samsung,2562.49,2053013555631882655,32485
1307050,electronics.audio.headphone,apple,1541.87,2053013554658804075,32468
3601603,appliances.kitchen.washer,lg,371.95,2232732092297380188,32418
1004565,electronics.smartphone,huawei,177.31,2053013555631882655,32375
1004833,construction.tools.light,samsung,168.6,2232732093077520756,32279
1801690,appliances.personal.massager,samsung,379.37,2232732099754852875,32231
3700781,appliances.environment.vacuum,polaris,38.59,2232732101063475749,32158
1005014,construction.tools.light,samsung,437.33,2232732093077520756,32109
12713467,,cordiant,25.74,2053013553199186187,32071
3701134,appliances.environment.vacuum,bosch,102.32,2232732101063475749,32069
100148861,appliances.kitchen.coffee_grinder,lucente,227.55,2053013554725912943,32037
15100337,,,282.89,2053013557024391671,32018
1004249,electronics.smartphone,apple,795.9,2053013555631882655,32009
1005236,construction.tools.light,oppo,231.64,2232732093077520756,32005
1005100,construction.tools.light,samsung,148.91,2232732093077520756,31986
10301847,apparel.scarf,mattel,6.92,2232732104888681081,31899
1004958,electronics.smartphone,xiaomi,343.12,2053013555631882655,31898
100011669,sport.trainer,,353.14,2232732095392776612,31888
3700677,appliances.environment.vacuum,tefal,138.97,2232732101063475749,31878
100095085,kids.toys,defacto,5.89,2053013553165631753,31854
15700107,,,355.99,2232732094134485388,31822
11200384,kids.swing,elenberg,12.84,2232732105635267203,31713
2900958,furniture.bedroom.blanket,arg,59.18,2232732102103663163,31707
17200729,furniture.living_room.sofa,rals,860.85,2232732090980368698,31686
100024124,electronics.audio.headphone,asus,643.49,2053013554658804075,31664
14701163,electronics.video.projector,,427.3,2053013552570040549,31620
2500566,appliances.kitchen.oven,asel,64.09,2232732092565815652,31571
26800007,,housefit,203.35,2232732066611463064,31563
10700925,apparel.scarf,activision,61.75,2232732105123562109,31470
5000475,appliances.sewing_machine,janome,172.44,2232732102950912587,31334
22700084,,force,217.46,2232732091643068746,31324
31501161,apparel.shoes.keds,luminarc,107.85,2232732115617710964,31273
1004249,construction.tools.light,apple,730.26,2232732093077520756,31268
1005115,construction.tools.light,apple,871.81,2232732093077520756,31263
2502287,appliances.kitchen.oven,asel,77.2,2232732092565815652,31146
4100346,apparel.shoes,sony,653.81,2232732098228126185,31140
18600003,accessories.umbrella,sv,411.59,2232732109561135838,31043
22700129,,stels,66.93,2053013556168753601,31017
1005253,construction.tools.light,xiaomi,280.57,2232732093077520756,31002
4700542,accessories.wallet,anytek,79.8,2232732097397653970,30988
1802101,appliances.personal.massager,arg,141.55,2232732099754852875,30982
1005098,construction.tools.light,samsung,140.28,2232732093077520756,30954
1002524,construction.tools.light,apple,540.04,2232732093077520756,30930
1003549,electronics.smartphone,samsung,411.59,2053013555631882655,30923
10300499,apparel.scarf,silverlit,9.47,2232732104888681081,30900
8800773,electronics.camera.video,nokia,74.62,2053013560530830019,30829
1005100,construction.tools.light,samsung,144.89,2232732093077520756,30816
3300349,computers.components.cooler,redmond,64.33,2232732102414041665,30806
1005100,construction.tools.light,samsung,148.78,2232732093077520756,30734
100116429,construction.tools.light,samsung,1158.05,2232732093077520756,30709
28600033,sport.trainer,,198.18,2232732095392776612,30692
1005239,construction.tools.light,xiaomi,228.83,2232732093077520756,30685
22700044,,total,25.71,2232732091643068746,30611
6000004,apparel.shoes,starline,146.72,2232732103546503769,30596
100015658,construction.tools.light,samsung,2548.07,2232732093077520756,30596
3700278,appliances.environment.vacuum,samsung,69.47,2053013565983425517,30592
1004903,construction.tools.light,huawei,76.93,2232732093077520756,30544
1004767,electronics.smartphone,samsung,240.93,2053013555631882655,30465
1307568,electronics.audio.headphone,acer,514.79,2053013554658804075,30426
1004767,construction.tools.light,samsung,224.94,2232732093077520756,30415
12718062,,,29.99,2053013553199186187,30396
4804055,sport.bicycle,apple,193.06,2232732079706079299,30394
22700129,,stels,66.91,2053013556168753601,30385
26300079,,lucente,343.12,2053013563584283495,30357
26300188,appliances.kitchen.coffee_grinder,lucente,700.92,2053013554725912943,30316
100055700,construction.components.faucet,jade,159.59,2232732081585127530,30307
2501143,appliances.kitchen.oven,artel,44.79,2232732092565815652,30299
5100816,,xiaomi,30.86,2053013553375346967,30299
1002544,construction.tools.light,apple,408.76,2232732093077520756,30248
2502287,appliances.kitchen.oven,asel,56.89,2232732092565815652,30167
5300453,,rowenta,59.13,2232732089269092627,30150
100008550,appliances.kitchen.refrigerators,pulser,580.49,2053013563835941749,30130
1003535,electronics.smartphone,samsung,460.5,2053013555631882655,30115
5100718,electronics.clocks,samsung,154.42,2232732103101907535,30082
26400676,computers.peripherals.printer,lucente,254.32,2053013553056579841,30081
100198556,kids.swing,arg,8.98,2232732105635267203,30075
100007950,,verloni,41.16,2053013551957672134,29975
22700076,,stels,36.04,2232732091643068746,29974
1005100,construction.tools.light,samsung,137.65,2232732093077520756,29973
1004436,electronics.smartphone,samsung,190.46,2053013555631882655,29948
3700748,appliances.environment.vacuum,samsung,110.66,2232732101063475749,29911
4803399,sport.bicycle,jbl,33.21,2232732079706079299,29887
1004856,construction.tools.light,samsung,131.15,2232732093077520756,29856
27900034,auto.accessories.alarm,,36.04,2232732069279040441,29851
1005105,electronics.smartphone,apple,1428.31,2053013555631882655,29758
1005160,construction.tools.light,xiaomi,189.93,2232732093077520756,29745
1005135,electronics.smartphone,apple,1747.79,2053013555631882655,29679
1005212,construction.tools.light,samsung,169.09,2232732093077520756,29664
26400194,computers.peripherals.printer,,250.46,2053013553056579841,29638
1004767,electronics.smartphone,samsung,250.82,2053013555631882655,29614
1801995,electronics.video.tv,haier,180.16,2053013554415534427,29584
1307589,electronics.audio.headphone,lenovo,257.1,2053013554658804075,29522
1004227,construction.tools.light,apple,900.64,2232732093077520756,29480
10900404,appliances.kitchen.mixer,arg,30.86,2232732105912091273,29473
100067955,apparel.shirt,,38.61,2232732128041238700,29468
1801636,appliances.personal.massager,xiaomi,513.01,2232732099754852875,29466
12706259,,nokian,53.54,2053013553559896355,29442
4804718,sport.bicycle,apple,336.95,2232732079706079299,29435
1002544,construction.tools.light,apple,411.52,2232732093077520756,29403
3600661,appliances.kitchen.washer,samsung,321.73,2232732092297380188,29396
1004767,construction.tools.light,samsung,251.47,2232732093077520756,29350
1004858,electronics.smartphone,samsung,131.53,2053013555631882655,29337
16500007,apparel.costume,omron,62.51,2232732108713886406,29285
3600937,appliances.kitchen.washer,samsung,334.6,2053013563810775923,29274
1005115,electronics.smartphone,apple,915.08,2053013555631882655,29246
1004249,construction.tools.light,apple,734.9,2232732093077520756,29230
1004564,electronics.smartphone,meizu,128.45,2053013555631882655,29219
1005284,construction.tools.light,samsung,2316.66,2232732093077520756,29206
2601810,,artel,155.29,2053013563970159485,29205
1004659,electronics.smartphone,samsung,746.19,2053013555631882655,29200
1004873,construction.tools.light,samsung,332.99,2232732093077520756,29199
4804660,sport.bicycle,xiaomi,25.69,2232732079706079299,29197
4804056,electronics.audio.headphone,apple,159.91,2053013554658804075,29196
55000029,furniture.bathroom.bath,puma,75.99,2053013554692358509,29194
15100148,,lider,378.36,2053013557024391671,29077
26200337,construction.components.faucet,,163.45,2232732081585127530,29066
1002101,electronics.smartphone,samsung,370.64,2053013555631882655,29055
1004249,electronics.smartphone,apple,766.76,2053013555631882655,28999
58300001,sport.ski,redmond,51.46,2053013562778977083,28990
100081778,electronics.audio.headphone,lenovo,298.33,2053013554658804075,28974
1004833,electronics.smartphone,samsung,172.22,2053013555631882655,28922
12600018,appliances.environment.vacuum,delonghi,386.08,2232732101164139047,28868
4804056,sport.bicycle,apple,164.35,2232732079706079299,28849
31501314,apparel.shoes.keds,luminarc,118.15,2232732115617710964,28841
1004838,construction.tools.light,oppo,167.06,2232732093077520756,28834
1004723,construction.tools.light,huawei,130.48,2232732093077520756,28788
1005105,construction.tools.light,apple,1330.54,2232732093077520756,28738
1004836,electronics.smartphone,samsung,226.25,2053013555631882655,28731
1005014,construction.tools.light,samsung,512.21,2232732093077520756,28687
2501751,appliances.kitchen.oven,artel,51.22,2232732092565815652,28674
1004836,construction.tools.light,samsung,198.6,2232732093077520756,28613
16500007,apparel.costume,omron,64.09,2232732108713886406,28611
1801805,appliances.personal.massager,artel,242.45,2232732099754852875,28610
100043003,construction.tools.light,huawei,514.53,2232732093077520756,28590
3601537,appliances.kitchen.washer,samsung,386.08,2232732092297380188,28581
1004767,construction.tools.light,samsung,242.07,2232732093077520756,28535
1004856,construction.tools.light,samsung,132.56,2232732093077520756,28492
1004903,electronics.smartphone,huawei,111.7,2053013555631882655,28474
1004496,construction.tools.light,meizu,68.99,2232732093077520756,28414
4802036,electronics.audio.headphone,apple,174.99,2053013554658804075,28357
1801995,appliances.personal.massager,haier,180.16,2232732099754852875,28327
1004838,electronics.smartphone,oppo,179.9,2053013555631882655,28320
1004839,electronics.smartphone,oppo,154.42,2053013555631882655,28301
15100370,,,257.15,2053013557024391671,28292
1307545,electronics.audio.headphone,lenovo,267.45,2053013554658804075,28287
1002524,electronics.smartphone,apple,532.83,2053013555631882655,28266
1005115,construction.tools.light,apple,872.09,2232732093077520756,28238
1801929,electronics.video.tv,samsung,566.01,2053013554415534427,28221
1003533,construction.tools.light,samsung,306.29,2232732093077520756,28180
1005259,construction.tools.light,umi,437.57,2232732093077520756,28142
5100722,electronics.clocks,huawei,128.68,2232732103101907535,28132
1801940,appliances.personal.massager,haier,193.03,2232732099754852875,28090
3600937,appliances.kitchen.washer,samsung,334.6,2232732092297380188,28065
11400317,furniture.kitchen.chair,xiaomi,14.65,2232732073574007777,28014
12300396,construction.tools.drill,,51.46,2053013556311359947,27988
1801690,appliances.personal.massager,samsung,384.8,2232732099754852875,27958
26400266,,lucente,119.18,2053013563651392361,27931
5701403,electronics.video.tv,nakamichi,99.1,2053013554415534427,27883
1005100,construction.tools.light,samsung,140.26,2232732093077520756,27875
1004870,construction.tools.light,samsung,269.48,2232732093077520756,27861
100018579,electronics.audio.headphone,asus,478.7,2053013554658804075,27845
2900561,furniture.bedroom.blanket,midea,48.65,2232732102103663163,27828
1004767,electronics.smartphone,samsung,264.79,2053013555631882655,27828
1307135,computers.notebook,hp,262.3,2053013558920217191,27820
1003310,construction.tools.light,apple,694.74,2232732093077520756,27814
12718062,,,32.43,2053013553559896355,27787
26400193,,,253.55,2053013563651392361,27785
100068488,construction.tools.light,samsung,280.32,2232732093077520756,27764
1004836,electronics.smartphone,samsung,229.71,2053013555631882655,27761
1305362,electronics.audio.headphone,apple,977.89,2053013554658804075,27754
4804055,sport.bicycle,apple,197.69,2232732079706079299,27727
100017531,accessories.bag,glasman,38.61,2232732097255047630,27719
1002544,construction.tools.light,apple,410.42,2232732093077520756,27704
4804718,sport.bicycle,apple,326.88,2232732079706079299,27688
3700766,appliances.environment.vacuum,samsung,136.4,2232732101063475749,27681
15700008,,,128.45,2232732094134485388,27656
1005017,construction.tools.light,huawei,64.07,2232732093077520756,27604
28716666,apparel.shoes,respect,89.84,2053013565639492569,27590
1005205,construction.tools.light,oppo,231.38,2232732093077520756,27577
12709709,,cordiant,36.04,2053013553199186187,27548
1004723,construction.tools.light,huawei,102.68,2232732093077520756,27543
3701387,appliances.environment.vacuum,dauscher,48.88,2232732101063475749,27527
1004873,construction.tools.light,samsung,365.83,2232732093077520756,27525
1801690,appliances.personal.massager,samsung,383.54,2232732099754852875,27516
2501799,appliances.kitchen.oven,elenberg,41.16,2232732092565815652,27502
12705001,,cordiant,41.96,2053013553559896355,27494
1004495,construction.tools.light,meizu,69.24,2232732093077520756,27483
4804718,sport.bicycle,apple,297.37,2232732079706079299,27480
100002235,computers.notebook,lenovo,461.68,2053013558920217191,27444
1005212,construction.tools.light,samsung,171.14,2232732093077520756,27422
100015658,construction.tools.light,samsung,2176.38,2232732093077520756,27401
1004836,construction.tools.light,samsung,241.96,2232732093077520756,27398
1005115,electronics.smartphone,apple,1003.6,2053013555631882655,27381
1801940,appliances.personal.massager,haier,231.64,2232732099754852875,27330
26300088,appliances.kitchen.coffee_grinder,lucente,187.39,2053013554725912943,27315
100045389,electronics.smartphone,samsung,385.83,2053013555631882655,27299
1201567,apparel.shoes.slipons,apple,384.82,2232732101407408685,27293
5100817,apparel.shoes,samsung,51.2,2232732103831716449,27265
34700031,appliances.personal.massager,,157.02,2232732100342055447,27245
3701016,appliances.environment.vacuum,tefal,123.53,2232732101063475749,27241
12703493,,cordiant,41.19,2053013553559896355,27216
1004249,construction.tools.light,apple,769.65,2232732093077520756,27189
1002544,construction.tools.light,apple,409.28,2232732093077520756,27171
11600325,appliances.kitchen.kettle,sven,77.2,2053013554834964853,27157
100152370,appliances.environment.air_conditioner,arg,180.16,2053013557695480347,27128
1307528,electronics.audio.headphone,lenovo,1080.34,2053013554658804075,27112
1005115,construction.tools.light,apple,850.47,2232732093077520756,27093
1005073,construction.tools.light,samsung,1145.46,2232732093077520756,27081
2702277,appliances.kitchen.refrigerators,lg,488.79,2232732091718566220,27078
6000157,auto.accessories.alarm,starline,91.12,2053013560807654091,27048
5301764,,dyson,694.74,2232732089269092627,27022
5300157,,philips,36.01,2232732089269092627,27012
1005160,construction.tools.light,xiaomi,166.03,2232732093077520756,26979
1002525,construction.tools.light,apple,554.71,2232732093077520756,26970
1004857,construction.tools.light,samsung,129.99,2232732093077520756,26917
1005235,construction.tools.light,oppo,437.57,2232732093077520756,26878
100033708,construction.tools.light,xiaomi,280.57,2232732093077520756,26849
1004209,construction.tools.light,samsung,91.38,2232732093077520756,26827
1003317,construction.tools.light,apple,1029.6,2232732093077520756,26825
16300025,sport.trainer,kukmara,41.16,2053013559767466645,26786
1401872,appliances.kitchen.refrigerators,netechnics,617.75,2053013563835941749,26774
26010323,,,9.01,2053013557166998015,26767
1004870,electronics.smartphone,samsung,278.77,2053013555631882655,26749
17200558,furniture.living_room.sofa,,591.78,2232732090980368698,26748
17200570,furniture.living_room.sofa,,463.07,2053013559792632471,26722
1002536,electronics.smartphone,apple,566.04,2053013555631882655,26699
15100350,,,334.37,2053013557024391671,26683
1005203,construction.tools.light,xiaomi,110.43,2232732093077520756,26673
1307545,electronics.audio.headphone,lenovo,385.85,2053013554658804075,26665
1004767,construction.tools.light,samsung,251.74,2232732093077520756,26605
1004767,construction.tools.light,samsung,224.79,2232732093077520756,26601
5100874,electronics.clocks,samsung,308.61,2232732103101907535,26576
14701532,electronics.video.projector,,185.08,2053013552570040549,26566
26400266,computers.peripherals.printer,lucente,113.26,2053013553056579841,26554
1005100,construction.tools.light,samsung,148.49,2232732093077520756,26536
15100367,apparel.shorts,,599.5,2232732107413652135,26465
5100719,electronics.clocks,samsung,154.42,2232732103101907535,26454
1005284,construction.tools.light,samsung,2544.47,2232732093077520756,26390
12705127,,tunga,30.37,2053013553199186187,26388
3700837,appliances.environment.vacuum,arnica,225.98,2053013565983425517,26380
5300453,,rowenta,58.92,2232732089269092627,26357
54900004,apparel.shirt,,77.22,2232732128041238700,26337
1003319,construction.tools.light,apple,900.9,2232732093077520756,26326
1005203,construction.tools.light,xiaomi,110.4,2232732093077520756,26306
1005115,construction.tools.light,apple,924.04,2232732093077520756,26297
5100375,electronics.clocks,amazfit,70.79,2232732103101907535,26278
26300078,appliances.kitchen.coffee_grinder,lucente,300.39,2053013554725912943,26259
1004990,electronics.smartphone,oppo,257.38,2053013555631882655,26187
4802159,sport.bicycle,jbl,8.96,2232732079706079299,26174
1307545,electronics.audio.headphone,lenovo,244.51,2053013554658804075,26171
30000048,construction.tools.welding,,118.9,2127425436764865054,26136
1005160,construction.tools.light,xiaomi,189.91,2232732093077520756,26131
1004856,construction.tools.light,samsung,126.13,2232732093077520756,26126
26300088,,lucente,185.33,2053013563584283495,26094
1307236,electronics.audio.headphone,lenovo,321.73,2053013554658804075,26065
26016675,,,7.08,2232732082474320004,26053
100160344,construction.components.faucet,jade,2574.07,2232732081585127530,26015
1306732,electronics.audio.headphone,asus,360.11,2053013554658804075,25990
1005115,construction.tools.light,apple,920.49,2232732093077520756,25963
15800010,sport.trainer,bosch,96.27,2232732108613223108,25961
1004856,electronics.smartphone,samsung,128.41,2053013555631882655,25956
1005253,construction.tools.light,xiaomi,328.19,2232732093077520756,25946
4804718,electronics.audio.headphone,apple,355.19,2053013554658804075,25904
5300977,,philips,180.16,2232732089269092627,25895
1004833,electronics.smartphone,samsung,179.16,2053013555631882655,25874
1004767,construction.tools.light,samsung,229.85,2232732093077520756,25866
1200947,apparel.shoes.slipons,samsung,94.98,2232732101407408685,25848
100058915,apparel.trousers,iqos,41.16,2232732135054115162,25845
1307545,electronics.audio.headphone,lenovo,231.41,2053013554658804075,25824
16600159,sport.trainer,rivertoys,187.91,2232732108780995272,25803
1002536,electronics.smartphone,apple,591.78,2053013555631882655,25764
26200609,construction.components.faucet,,153.41,2232732081585127530,25762
1004836,construction.tools.light,samsung,207.39,2232732093077520756,25735
1307564,electronics.audio.headphone,asus,437.57,2053013554658804075,25725
1005212,construction.tools.light,samsung,164.06,2232732093077520756,25711
1004767,construction.tools.light,samsung,242.43,2232732093077520756,25692
1005105,construction.tools.light,apple,1189.73,2232732093077520756,25643
100116409,construction.tools.light,samsung,1029.34,2232732093077520756,25634
13200514,furniture.bedroom.bed,,90.07,2232732061804790604,25626
2702628,appliances.kitchen.refrigerators,arg,193.03,2232732091718566220,25611
26800063,,,303.48,2232732066611463064,25607
1004582,construction.tools.light,meizu,128.45,2232732093077520756,25563
100020960,appliances.sewing_machine,chayka,102.94,2232732102950912587,25560
100068488,construction.tools.light,samsung,289.68,2232732093077520756,25555
3600661,appliances.kitchen.washer,samsung,308.84,2232732092297380188,25533
15100210,apparel.shorts,,813.92,2232732107413652135,25530
100047576,electronics.smartphone,samsung,849.16,2053013555631882655,25522
1005098,construction.tools.light,samsung,141.06,2232732093077520756,25519
4804295,sport.bicycle,xiaomi,24.97,2232732079706079299,25494
1005160,construction.tools.light,xiaomi,192.28,2232732093077520756,25493
3700621,appliances.environment.vacuum,vitek,112.46,2053013565983425517,25462
1004856,electronics.smartphone,samsung,126.9,2053013555631882655,25450
4000169,construction.tools.welding,tefal,102.94,2232732099519971845,25444
1005135,electronics.smartphone,apple,1644.08,2053013555631882655,25441
1004856,construction.tools.light,samsung,136.12,2232732093077520756,25439
1005160,construction.tools.light,xiaomi,183.51,2232732093077520756,25437
1004227,construction.tools.light,apple,764.5,2232732093077520756,25423
16000973,accessories.bag,dauscher,38.59,2053013556856619499,25417
1004226,construction.tools.light,apple,810.83,2232732093077520756,25408
26400193,computers.peripherals.printer,,253.55,2053013553056579841,25402
1004767,electronics.smartphone,samsung,249.86,2053013555631882655,25386
1004856,electronics.smartphone,samsung,127.05,2053013555631882655,25355
1005190,construction.tools.light,vivo,180.16,2232732093077520756,25347
1005115,electronics.smartphone,apple,914.23,2053013555631882655,25334
3700338,appliances.environment.vacuum,samsung,66.9,2053013565983425517,25327
1002524,electronics.smartphone,apple,565.78,2053013555631882655,25310
1004249,construction.tools.light,apple,730.01,2232732093077520756,25281
22700524,,force,265.13,2232732091643068746,25280
16400204,,granhel,181.21,2053013558249128509,25270
1004750,construction.tools.light,samsung,194.34,2232732093077520756,25264
10800025,sport.bicycle,redmond,56.6,2053013555724157349,25259
15700096,,,144.66,2232732094134485388,25250
1005099,construction.tools.light,samsung,143.89,2232732093077520756,25244
1002547,construction.tools.light,apple,437.31,2232732093077520756,25214
1005253,electronics.smartphone,xiaomi,290.09,2053013555631882655,25175
100090352,electronics.audio.headphone,lenovo,892.94,2053013554658804075,25173
2900958,appliances.kitchen.microwave,arg,59.18,2053013554776244595,25172
2900958,furniture.bedroom.blanket,arg,56.6,2232732102103663163,25170
1004856,electronics.smartphone,samsung,126.86,2053013555631882655,25151
1002525,construction.tools.light,apple,640.94,2232732093077520756,25142
26400402,computers.peripherals.printer,,53.8,2053013553056579841,25069
1401872,appliances.kitchen.refrigerators,netechnics,656.36,2053013563835941749,25059
100014292,construction.tools.light,nokia,205.64,2232732093077520756,25054
3600163,appliances.kitchen.washer,indesit,185.33,2053013563810775923,25048
15100008,,bts,514.56,2053013557024391671,25025
1002524,electronics.smartphone,apple,565.61,2053013555631882655,25006
1005182,electronics.smartphone,samsung,1029.34,2053013555631882655,25004
13200013,furniture.bedroom.bed,sv,141.32,2232732061804790604,24989
13201315,furniture.bedroom.bed,,179.93,2232732061804790604,24984
1005239,electronics.smartphone,xiaomi,262.3,2053013555631882655,24946
1005186,electronics.smartphone,samsung,720.46,2053013555631882655,24934
1005118,construction.tools.light,apple,872.61,2232732093077520756,24931
1005098,construction.tools.light,samsung,145.65,2232732093077520756,24911
1004653,construction.tools.light,samsung,513.53,2232732093077520756,24886
1307050,electronics.audio.headphone,apple,1584.06,2053013554658804075,24864
1200947,apparel.shoes.slipons,samsung,141.55,2232732101407408685,24817
10300977,apparel.scarf,,4.3,2232732104888681081,24809
1004750,electronics.smartphone,samsung,193.92,2053013555631882655,24805
15100147,,lider,437.31,2053013557024391671,24804
5100816,apparel.shoes,xiaomi,28.83,2232732103831716449,24798
1005160,construction.tools.light,xiaomi,178.87,2232732093077520756,24760
16400025,,tefal,138.97,2053013551957672134,24742
1005115,construction.tools.light,apple,812.08,2232732093077520756,24739
4300077,,timberk,43.73,2232732091483685190,24723
100104481,electronics.audio.headphone,acer,772.19,2053013554658804075,24705
26401414,computers.peripherals.printer,lucente,60.75,2053013553056579841,24669
1003712,construction.tools.light,samsung,514.53,2232732093077520756,24665
1004565,construction.tools.light,huawei,153.92,2232732093077520756,24647
1004785,construction.tools.light,huawei,256.87,2232732093077520756,24570
1005243,electronics.smartphone,vivo,411.83,2053013555631882655,24564
1005160,construction.tools.light,xiaomi,181.4,2232732093077520756,24541
26300084,,lucente,510.18,2053013563584283495,24521
1005175,appliances.kitchen.refrigerators,samsung,643.23,2053013563835941749,24505
3700278,appliances.environment.vacuum,samsung,77.2,2232732101063475749,24504
1004529,electronics.smartphone,samsung,396.15,2053013555631882655,24497
1005070,construction.tools.light,vivo,283.12,2232732093077520756,24430
4804056,electronics.audio.headphone,apple,161.87,2053013554658804075,24423
8801100,electronics.camera.video,nokia,95.99,2053013560530830019,24414
1005115,construction.tools.light,apple,925.88,2232732093077520756,24385
1005212,construction.tools.light,samsung,174.7,2232732093077520756,24383
1005169,construction.tools.light,samsung,185.67,2232732093077520756,24368
16000004,,rondell,43.73,2053013558223962683,24322
1002524,construction.tools.light,apple,514.53,2232732093077520756,24301
4700738,accessories.wallet,swat,43.24,2232732097397653970,24295
1004767,electronics.smartphone,samsung,240.38,2053013555631882655,24288
1005115,construction.tools.light,apple,805.38,2232732093077520756,24282
1004741,construction.tools.light,xiaomi,203.33,2232732093077520756,24261
1005008,construction.tools.light,xiaomi,102.65,2232732093077520756,24236
100190575,apparel.shoes,sony,400.76,2232732098228126185,24234
1005263,electronics.smartphone,oppo,694.97,2053013555631882655,24229
15100100,apparel.shorts,,514.56,2232732107413652135,24208
26400393,,,50.97,2053013563651392361,24181
13200941,furniture.bedroom.bed,sv,282.89,2232732061804790604,24173
1004785,electronics.smartphone,huawei,264.78,2053013555631882655,24167
1005115,construction.tools.light,apple,856.8,2232732093077520756,24163
3100267,appliances.kitchen.blender,panasonic,54.03,2232732091391410500,24149
100018214,appliances.personal.hair_cutter,arg,12.84,2232732089587859740,24118
1005115,construction.tools.light,apple,882.52,2232732093077520756,24107
5700842,electronics.video.tv,,42.45,2053013554415534427,24080
1004210,construction.tools.light,samsung,92.41,2232732093077520756,24068
22700084,,force,239.31,2053013556168753601,24050
1005100,construction.tools.light,samsung,138.48,2232732093077520756,24041
1801551,appliances.personal.massager,haier,411.83,2232732099754852875,24008
12701967,,cordiant,30.89,2053013553199186187,23998
1004209,electronics.smartphone,samsung,88.29,2053013555631882655,23987
1801881,appliances.personal.massager,samsung,514.5,2232732099754852875,23980
4803977,sport.bicycle,samsung,102.33,2232732079706079299,23957
1005184,appliances.kitchen.refrigerators,samsung,977.86,2053013563835941749,23939
1005212,construction.tools.light,samsung,168.83,2232732093077520756,23917
10300835,,silverlit,7.18,2053013553115300101,23917
1307310,electronics.audio.headphone,acer,360.34,2053013554658804075,23893
2701683,appliances.kitchen.refrigerators,beko,229.07,2232732091718566220,23893
1004856,construction.tools.light,samsung,122.95,2232732093077520756,23890
10900404,appliances.kitchen.mixer,arg,25.71,2232732105912091273,23885
1005212,construction.tools.light,samsung,166.49,2232732093077520756,23884
1201505,apparel.shoes.slipons,samsung,179.9,2232732101407408685,23864
1004321,appliances.kitchen.refrigerators,huawei,334.37,2053013563835941749,23859
1003316,construction.tools.light,apple,769.65,2232732093077520756,23854
1801929,electronics.video.tv,samsung,566.04,2053013554415534427,23843
15800006,sport.trainer,karcher,118.38,2232732108613223108,23842
1307073,computers.notebook,acer,720.71,2053013558920217191,23829
19300039,apparel.shirt,nika,29.58,2232732109418529498,23807
1002544,electronics.smartphone,apple,459.21,2053013555631882655,23799
1307004,electronics.audio.headphone,lenovo,290.6,2053013554658804075,23772
3100883,appliances.kitchen.blender,scarlett,15.42,2232732091391410500,23712
1700652,appliances.personal.massager,samsung,102.71,2232732099981345295,23711
26400289,computers.peripherals.printer,lucente,158.56,2053013553056579841,23613
14700574,electronics.video.projector,,538.5,2053013552570040549,23604
1005161,electronics.smartphone,xiaomi,203.06,2053013555631882655,23587
1005160,construction.tools.light,xiaomi,192.77,2232732093077520756,23571
1003768,electronics.smartphone,huawei,485.54,2053013555631882655,23520
1004210,construction.tools.light,samsung,87.0,2232732093077520756,23519
100068602,construction.tools.light,vivo,321.73,2232732093077520756,23489
26400756,,,325.36,2053013563651392361,23478
1002532,electronics.smartphone,apple,566.04,2053013555631882655,23458
22700127,,stels,96.26,2232732091643068746,23444
1002633,electronics.smartphone,apple,385.83,2053013555631882655,23430
1005100,construction.tools.light,samsung,148.01,2232732093077520756,23417
1004226,construction.tools.light,apple,733.61,2232732093077520756,23411
1004873,construction.tools.light,samsung,330.72,2232732093077520756,23371
1307187,computers.notebook,acer,849.42,2053013558920217191,23358
26400672,,lucente,385.85,2053013563651392361,23352
12709380,,viatti,38.1,2053013553199186187,23350
100082967,electronics.audio.headphone,asus,283.12,2053013554658804075,23345
1005169,construction.tools.light,samsung,190.98,2232732093077520756,23334
100007984,apparel.shorts,,1069.53,2232732107413652135,23333
1004870,construction.tools.light,samsung,267.45,2232732093077520756,23325
1005205,construction.tools.light,oppo,224.43,2232732093077520756,23306
4804056,electronics.audio.headphone,apple,160.62,2053013554658804075,23295
3601494,appliances.kitchen.washer,beko,249.66,2232732092297380188,23246
1480558,appliances.kitchen.refrigerators,netechnics,1055.34,2053013563835941749,23241
12718063,,,34.75,2053013553559896355,23227
1306650,electronics.audio.headphone,acer,386.08,2053013554658804075,23205
1005203,construction.tools.light,xiaomi,104.74,2232732093077520756,23187
31501104,apparel.shoes.keds,,142.71,2232732115617710964,23145
1002974,electronics.smartphone,huawei,149.3,2053013555631882655,23139
54900011,apparel.costume,,64.35,2146660887203676486,23138
22700084,,force,214.42,2232732091643068746,23131
3601537,appliances.kitchen.washer,samsung,386.08,2053013563810775923,23125
1004836,construction.tools.light,samsung,209.01,2232732093077520756,23114
4804718,sport.bicycle,apple,341.05,2232732079706079299,23109
1004790,appliances.kitchen.refrigerators,huawei,269.99,2053013563835941749,23072
3701016,appliances.environment.vacuum,tefal,123.53,2053013565983425517,23054
4803977,electronics.audio.headphone,samsung,107.49,2053013554658804075,23051
19200005,construction.tools.saw,huter,92.13,2053013556202308035,23045
100017960,construction.tools.light,huawei,900.67,2232732093077520756,23015
1005069,construction.tools.light,vivo,270.25,2232732093077520756,23014
100104755,electronics.audio.headphone,acer,488.79,2053013554658804075,23011
5300213,,rowenta,47.59,2232732089269092627,22973
1002524,construction.tools.light,apple,513.5,2232732093077520756,22969
22700069,,force,38.61,2232732091643068746,22943
1201504,apparel.shoes.slipons,samsung,179.9,2232732101407408685,22937
1004901,construction.tools.light,oppo,591.96,2232732093077520756,22909
26300081,,lucente,437.85,2053013563584283495,22887
1004741,construction.tools.light,xiaomi,182.22,2232732093077520756,22882
100190575,apparel.shoes,sony,409.25,2232732098228126185,22870
14100052,electronics.audio.acoustic,yamaha,118.05,2232732107883414193,22809
10503781,,hasbro,9.76,2053013553199186187,22807
10400618,kids.toys,hb,36.01,2232732082121998458,22803
1307545,electronics.audio.headphone,lenovo,236.81,2053013554658804075,22789
6000004,auto.accessories.alarm,starline,139.77,2053013560807654091,22749
2701879,appliances.kitchen.refrigerators,beko,298.57,2232732091718566220,22720
1005105,electronics.smartphone,apple,1362.69,2053013555631882655,22697
1004873,construction.tools.light,samsung,306.55,2232732093077520756,22680
1003317,construction.tools.light,apple,939.54,2232732093077520756,22676
1005105,electronics.smartphone,apple,1363.23,2053013555631882655,22655
100068488,construction.tools.light,samsung,284.89,2232732093077520756,22616
27900026,auto.accessories.alarm,,45.05,2232732069279040441,22613
2601413,,artel,153.93,2053013563970159485,22608
1004565,construction.tools.light,huawei,165.92,2232732093077520756,22608
100002460,electronics.audio.subwoofer,,77.2,2232732082390433922,22590
1005008,electronics.smartphone,xiaomi,93.77,2053013555631882655,22585
17303002,apparel.shoes.sandals,givenchy,128.7,2232732098446229999,22573
1002629,electronics.smartphone,apple,378.39,2053013555631882655,22568
1005115,construction.tools.light,apple,807.61,2232732093077520756,22553
5100604,electronics.clocks,apple,295.73,2232732103101907535,22505
14701406,electronics.video.projector,,128.68,2053013552570040549,22505
2500566,appliances.kitchen.oven,asel,64.33,2232732092565815652,22504
12201348,appliances.kitchen.toster,phoenix,180.16,2053013553325015316,22503
26900077,apparel.shoes.espadrilles,,153.16,2232732098303623659,22492
1480615,appliances.kitchen.refrigerators,acer,540.3,2053013563835941749,22489
1480163,appliances.kitchen.refrigerators,acer,614.4,2053013563835941749,22488
1005115,construction.tools.light,apple,807.74,2232732093077520756,22486
28722181,appliances.kitchen.meat_grinder,respect,51.22,2053013555321504139,22484
1004873,construction.tools.light,samsung,308.57,2232732093077520756,22434
1307004,computers.notebook,lenovo,290.6,2053013558920217191,22425
12703410,,cordiant,47.62,2053013553559896355,22418
2702628,appliances.kitchen.refrigerators,arg,154.42,2232732091718566220,22407
1307555,electronics.audio.headphone,asus,334.35,2053013554658804075,22396
1005160,construction.tools.light,xiaomi,169.89,2232732093077520756,22378
54900013,apparel.costume,,51.48,2146660887203676486,22376
100065078,construction.tools.light,xiaomi,553.38,2232732093077520756,22375
1005238,construction.tools.light,oppo,277.97,2232732093077520756,22358
1005014,construction.tools.light,samsung,447.04,2232732093077520756,22344
22700068,,force,86.99,2053013556168753601,22344
4100346,,sony,315.56,2053013561218695907,22338
4804660,sport.bicycle,xiaomi,22.91,2232732079706079299,22319
1005173,electronics.smartphone,samsung,643.23,2053013555631882655,22316
1005104,electronics.smartphone,apple,1007.97,2053013555631882655,22310
100038878,construction.tools.light,vivo,257.38,2232732093077520756,22243
5100718,electronics.clocks,samsung,154.16,2053013553341792533,22238
100058815,apparel.trousers,iqos,95.24,2232732135054115162,22228
1005160,construction.tools.light,xiaomi,179.92,2232732093077520756,22221
1003709,construction.tools.light,samsung,450.46,2232732093077520756,22204
100024646,construction.components.faucet,jade,2178.95,2232732081585127530,22203
1004849,construction.tools.light,huawei,900.62,2232732093077520756,22183
3700338,appliances.environment.vacuum,samsung,66.9,2232732101063475749,22182
1005115,construction.tools.light,apple,900.81,2232732093077520756,22163
2400648,appliances.personal.massager,turbo,51.46,2232732100769874463,22157
